{
    "Coal Electric Power Sector CO2 Emissions": {
        "1 day": {
            "mse": 61.062593819989395,
            "mae": 6.2897273100573345
        },
        "2 day": {
            "mse": 127.67925256566474,
            "mae": 9.096016279145147
        },
        "3 day": {
            "mse": 196.73659851022518,
            "mae": 11.170744712821824
        },
        "4 day": {
            "mse": 257.11897094596577,
            "mae": 13.025618823940269
        },
        "5 day": {
            "mse": 302.22715951019535,
            "mae": 13.85426483044403
        },
        "6 day": {
            "mse": 344.5107026876437,
            "mae": 14.605700264921701
        }
    },
    "Natural Gas Electric Power Sector CO2 Emissions": {
        "1 day": {
            "mse": 7.3684531522416385,
            "mae": 2.090851906909676
        },
        "2 day": {
            "mse": 15.363433173246271,
            "mae": 3.0977019382411375
        },
        "3 day": {
            "mse": 25.07222867497751,
            "mae": 3.9882835390871594
        },
        "4 day": {
            "mse": 37.10209255553031,
            "mae": 5.016530505338185
        },
        "5 day": {
            "mse": 55.30284941952615,
            "mae": 6.0276122790709845
        },
        "6 day": {
            "mse": 77.47526599539512,
            "mae": 7.127687856231044
        }
    },
    "Distillate Fuel, Including Kerosene-Type Jet Fuel, Oil Electric Power Sector CO2 Emissions": {
        "1 day": {
            "mse": 0.1003048336870964,
            "mae": 0.1540978652909013
        },
        "2 day": {
            "mse": 0.13900876719509886,
            "mae": 0.17855332911030283
        },
        "3 day": {
            "mse": 0.1504100082066351,
            "mae": 0.19661976284746777
        },
        "4 day": {
            "mse": 0.16317892341679294,
            "mae": 0.20895118419233022
        },
        "5 day": {
            "mse": 0.1721729806081407,
            "mae": 0.2197659321526954
        },
        "6 day": {
            "mse": 0.17578764684252757,
            "mae": 0.22450129503358152
        }
    },
    "Petroleum Coke Electric Power Sector CO2 Emissions": {
        "1 day": {
            "mse": 0.028180933386467027,
            "mae": 0.13028787176401668
        },
        "2 day": {
            "mse": 0.04546057731818549,
            "mae": 0.17055369243878366
        },
        "3 day": {
            "mse": 0.06846590736076395,
            "mae": 0.2135220005462772
        },
        "4 day": {
            "mse": 0.08897665902641676,
            "mae": 0.24169271083038066
        },
        "5 day": {
            "mse": 0.11050533859718986,
            "mae": 0.26802477493543425
        },
        "6 day": {
            "mse": 0.13518574456733926,
            "mae": 0.2967768870125613
        }
    },
    "Residual Fuel Oil Electric Power Sector CO2 Emissions": {
        "1 day": {
            "mse": 0.7488933047536117,
            "mae": 0.5010208887770348
        },
        "2 day": {
            "mse": 1.2454117353081382,
            "mae": 0.6501749190537199
        },
        "3 day": {
            "mse": 1.8048991880715888,
            "mae": 0.7986609148443714
        },
        "4 day": {
            "mse": 2.5203545418229254,
            "mae": 0.9512484220169523
        },
        "5 day": {
            "mse": 3.2568792685852244,
            "mae": 1.0760165881064423
        },
        "6 day": {
            "mse": 3.776224550191494,
            "mae": 1.1735175390859849
        }
    },
    "Petroleum Electric Power Sector CO2 Emissions": {
        "1 day": {
            "mse": 1.2601952025933616,
            "mae": 0.6860756471614221
        },
        "2 day": {
            "mse": 1.9394014432561713,
            "mae": 0.8541989610404448
        },
        "3 day": {
            "mse": 2.6313078608142364,
            "mae": 1.0198738026237624
        },
        "4 day": {
            "mse": 3.6386873833629476,
            "mae": 1.1988054024903272
        },
        "5 day": {
            "mse": 4.787055390593932,
            "mae": 1.3677118068165603
        },
        "6 day": {
            "mse": 5.587466192440865,
            "mae": 1.4874915815328238
        }
    },
    "Geothermal Energy Electric Power Sector CO2 Emissions": {
        "1 day": {
            "mse": 7.466905093104092e-06,
            "mae": 0.0019198059828085688
        },
        "2 day": {
            "mse": 8.136507357005314e-06,
            "mae": 0.0020050387273724273
        },
        "3 day": {
            "mse": 8.167544540633855e-06,
            "mae": 0.002008897244495855
        },
        "4 day": {
            "mse": 8.168927111417844e-06,
            "mae": 0.002009072093836629
        },
        "5 day": {
            "mse": 8.168988948904564e-06,
            "mae": 0.0020090799210629377
        },
        "6 day": {
            "mse": 8.168991704624194e-06,
            "mae": 0.002009080275776076
        }
    },
    "Non-Biomass Waste Electric Power Sector CO2 Emissions": {
        "1 day": {
            "mse": 0.00023159578461719686,
            "mae": 0.012278576526747633
        },
        "2 day": {
            "mse": 0.0005870181809924693,
            "mae": 0.020131374313584076
        },
        "3 day": {
            "mse": 0.000935157589654106,
            "mae": 0.025719676923883127
        },
        "4 day": {
            "mse": 0.0012255654796913301,
            "mae": 0.02953935378626477
        },
        "5 day": {
            "mse": 0.0014504772964248076,
            "mae": 0.03215864957121299
        },
        "6 day": {
            "mse": 0.0016182090093845906,
            "mae": 0.03395502589648633
        }
    },
    "Total Energy Electric Power Sector CO2 Emissions": {
        "1 day": {
            "mse": 120.18477280524789,
            "mae": 8.79335764720451
        },
        "2 day": {
            "mse": 255.84245587211313,
            "mae": 13.087368179311996
        },
        "3 day": {
            "mse": 459.89979353656173,
            "mae": 17.582087959785397
        },
        "4 day": {
            "mse": 674.9523454367926,
            "mae": 21.352554089232623
        },
        "5 day": {
            "mse": 885.0879774606533,
            "mae": 24.822262517236474
        },
        "6 day": {
            "mse": 1123.7630630137648,
            "mae": 28.37076577914819
        }
    }
}