{
    "Coal Electric Power Sector CO2 Emissions": {
        "1 day": {
            "mse": 42.3975064018694,
            "mae": 4.560879477606884
        },
        "2 day": {
            "mse": 63.756768094990946,
            "mae": 6.159943124874477
        },
        "3 day": {
            "mse": 88.39042557561196,
            "mae": 6.231171164115701
        },
        "4 day": {
            "mse": 114.38020420569337,
            "mae": 6.662568967194905
        },
        "5 day": {
            "mse": 56.59494741980072,
            "mae": 4.921739893454091
        },
        "6 day": {
            "mse": 44.755490873205886,
            "mae": 4.518230567045
        }
    },
    "Natural Gas Electric Power Sector CO2 Emissions": {
        "1 day": {
            "mse": 3.776668670558191,
            "mae": 1.4333862601126883
        },
        "2 day": {
            "mse": 6.146344282956207,
            "mae": 1.7704943628760288
        },
        "3 day": {
            "mse": 11.161545723126798,
            "mae": 2.199640111278091
        },
        "4 day": {
            "mse": 9.765585191958978,
            "mae": 2.0365228146692016
        },
        "5 day": {
            "mse": 16.31348750625847,
            "mae": 2.6279913177114773
        },
        "6 day": {
            "mse": 9.584830476758084,
            "mae": 2.177211303188626
        }
    },
    "Distillate Fuel, Including Kerosene-Type Jet Fuel, Oil Electric Power Sector CO2 Emissions": {
        "1 day": {
            "mse": 0.5604421369237872,
            "mae": 0.6628036437246964
        },
        "2 day": {
            "mse": 0.17756666025641024,
            "mae": 0.39165384615384613
        },
        "3 day": {
            "mse": 0.10376812820512822,
            "mae": 0.2957179487179487
        },
        "4 day": {
            "mse": 0.05111163463314152,
            "mae": 0.2010850202429149
        },
        "5 day": {
            "mse": 0.07757867304140915,
            "mae": 0.255908906882591
        },
        "6 day": {
            "mse": 0.13244713530790536,
            "mae": 0.3201592442645074
        }
    },
    "Petroleum Coke Electric Power Sector CO2 Emissions": {
        "1 day": {
            "mse": 0.36769969811421266,
            "mae": 0.513325910931174
        },
        "2 day": {
            "mse": 0.28110938473968317,
            "mae": 0.4419426450742239
        },
        "3 day": {
            "mse": 0.28907023408977917,
            "mae": 0.4361423751686909
        },
        "4 day": {
            "mse": 0.2590779279600824,
            "mae": 0.4084716599190284
        },
        "5 day": {
            "mse": 0.29721473712621627,
            "mae": 0.44100134952766523
        },
        "6 day": {
            "mse": 0.3459376043575539,
            "mae": 0.4854406207827262
        }
    },
    "Residual Fuel Oil Electric Power Sector CO2 Emissions": {
        "1 day": {
            "mse": 2.4097903408531383,
            "mae": 0.9963100253470708
        },
        "2 day": {
            "mse": 1.832088463051793,
            "mae": 0.980336373682276
        },
        "3 day": {
            "mse": 1.5753507724478273,
            "mae": 0.8609703181345014
        },
        "4 day": {
            "mse": 0.8530922846132961,
            "mae": 0.6784652639026203
        },
        "5 day": {
            "mse": 1.2936263400696435,
            "mae": 0.814672189140766
        },
        "6 day": {
            "mse": 1.8128062844930515,
            "mae": 1.119130613263198
        }
    },
    "Petroleum Electric Power Sector CO2 Emissions": {
        "1 day": {
            "mse": 3.9842649568565522,
            "mae": 1.3264155284276258
        },
        "2 day": {
            "mse": 2.7169736458696607,
            "mae": 1.2496793322311817
        },
        "3 day": {
            "mse": 2.02958324250768,
            "mae": 0.9868193300332276
        },
        "4 day": {
            "mse": 0.9941130093117179,
            "mae": 0.7421677116311606
        },
        "5 day": {
            "mse": 1.5218589454843336,
            "mae": 0.9084233708822702
        },
        "6 day": {
            "mse": 2.1379361590819963,
            "mae": 1.1983594793264967
        }
    },
    "Geothermal Energy Electric Power Sector CO2 Emissions": {
        "1 day": {
            "mse": 7.5292307692307605e-06,
            "mae": 0.0019230769230769234
        },
        "2 day": {
            "mse": 6.0580923076923035e-06,
            "mae": 0.0016892307692307682
        },
        "3 day": {
            "mse": 7.5292307692307605e-06,
            "mae": 0.0019230769230769234
        },
        "4 day": {
            "mse": 6.803446153846159e-06,
            "mae": 0.00176923076923077
        },
        "5 day": {
            "mse": 7.5292307692307605e-06,
            "mae": 0.0019230769230769234
        },
        "6 day": {
            "mse": 6.803446153846159e-06,
            "mae": 0.00176923076923077
        }
    },
    "Non-Biomass Waste Electric Power Sector CO2 Emissions": {
        "1 day": {
            "mse": 0.005040283446153847,
            "mae": 0.05737538461538461
        },
        "2 day": {
            "mse": 0.004257398461538462,
            "mae": 0.05137692307692307
        },
        "3 day": {
            "mse": 0.005040283446153847,
            "mae": 0.05737538461538461
        },
        "4 day": {
            "mse": 0.00472628615384616,
            "mae": 0.055569230769230815
        },
        "5 day": {
            "mse": 0.005040283446153847,
            "mae": 0.05737538461538461
        },
        "6 day": {
            "mse": 0.00472628615384616,
            "mae": 0.055569230769230815
        }
    },
    "Total Energy Electric Power Sector CO2 Emissions": {
        "1 day": {
            "mse": 65.90012071982851,
            "mae": 6.109165516584507
        },
        "2 day": {
            "mse": 68.51892342638813,
            "mae": 6.681899292370119
        },
        "3 day": {
            "mse": 89.9394527604469,
            "mae": 6.591372268484561
        },
        "4 day": {
            "mse": 115.20890286140649,
            "mae": 7.120759929973255
        },
        "5 day": {
            "mse": 84.85832830677728,
            "mae": 6.536261218375817
        },
        "6 day": {
            "mse": 61.52299532488387,
            "mae": 5.920386623716786
        }
    },
    "Score": {
        "mae": 5.237621121900457
    }
}