{
    "Coal Electric Power Sector CO2 Emissions": {
        "1 day": {
            "mse": 50.06663251945101,
            "mae": 5.15368899937736
        },
        "2 day": {
            "mse": 92.42970149482625,
            "mae": 7.988671139699371
        },
        "3 day": {
            "mse": 84.62875776318786,
            "mae": 7.437395621300074
        },
        "4 day": {
            "mse": 98.66823183287477,
            "mae": 8.33004659044451
        },
        "5 day": {
            "mse": 64.27946714543164,
            "mae": 6.157275639103259
        },
        "6 day": {
            "mse": 85.6365848820973,
            "mae": 6.905225061794496
        }
    },
    "Natural Gas Electric Power Sector CO2 Emissions": {
        "1 day": {
            "mse": 3.605195914232464,
            "mae": 1.4867543351823829
        },
        "2 day": {
            "mse": 5.25121967810055,
            "mae": 1.9410159898267307
        },
        "3 day": {
            "mse": 6.909343533471195,
            "mae": 2.0487624160551925
        },
        "4 day": {
            "mse": 7.057210774526072,
            "mae": 2.0410735379518608
        },
        "5 day": {
            "mse": 14.181097199916152,
            "mae": 2.9682752145415616
        },
        "6 day": {
            "mse": 12.103447929088242,
            "mae": 2.782725949138447
        }
    },
    "Distillate Fuel, Including Kerosene-Type Jet Fuel, Oil Electric Power Sector CO2 Emissions": {
        "1 day": {
            "mse": 0.29683932232118987,
            "mae": 0.430180258271428
        },
        "2 day": {
            "mse": 0.17254770016715906,
            "mae": 0.33552890239742744
        },
        "3 day": {
            "mse": 0.05142084141487226,
            "mae": 0.17431067706860404
        },
        "4 day": {
            "mse": 0.02065492937721203,
            "mae": 0.11740412795185036
        },
        "5 day": {
            "mse": 0.06516573763521717,
            "mae": 0.21182245358900595
        },
        "6 day": {
            "mse": 0.1256171030777787,
            "mae": 0.2847563359094862
        }
    },
    "Petroleum Coke Electric Power Sector CO2 Emissions": {
        "1 day": {
            "mse": 0.027926499484557138,
            "mae": 0.1364017363163344
        },
        "2 day": {
            "mse": 0.022845451944411593,
            "mae": 0.1219074562053289
        },
        "3 day": {
            "mse": 0.06806909239083746,
            "mae": 0.2264746445474334
        },
        "4 day": {
            "mse": 0.054198846606804886,
            "mae": 0.1893685927529929
        },
        "5 day": {
            "mse": 0.05887675673289677,
            "mae": 0.19642856474424586
        },
        "6 day": {
            "mse": 0.06973007474140211,
            "mae": 0.20309810197883701
        }
    },
    "Residual Fuel Oil Electric Power Sector CO2 Emissions": {
        "1 day": {
            "mse": 1.902393020184422,
            "mae": 0.848528214587052
        },
        "2 day": {
            "mse": 1.7314523055892155,
            "mae": 0.804387647540398
        },
        "3 day": {
            "mse": 1.6189487669153726,
            "mae": 0.7672548899115686
        },
        "4 day": {
            "mse": 1.0469257574481068,
            "mae": 0.6411088672196361
        },
        "5 day": {
            "mse": 1.747774381530099,
            "mae": 0.8517050756733836
        },
        "6 day": {
            "mse": 2.725948745556945,
            "mae": 1.2288217159773156
        }
    },
    "Petroleum Electric Power Sector CO2 Emissions": {
        "1 day": {
            "mse": 3.3147366258024653,
            "mae": 1.1780327640345198
        },
        "2 day": {
            "mse": 2.9749742457038657,
            "mae": 1.1043274319320868
        },
        "3 day": {
            "mse": 2.259521098981621,
            "mae": 0.9741043883165457
        },
        "4 day": {
            "mse": 1.4554548250720332,
            "mae": 0.8480577994535503
        },
        "5 day": {
            "mse": 2.598628395226417,
            "mae": 1.1415599660246412
        },
        "6 day": {
            "mse": 4.001040278118334,
            "mae": 1.5928905465501009
        }
    },
    "Geothermal Energy Electric Power Sector CO2 Emissions": {
        "1 day": {
            "mse": 2.729440501288577e-06,
            "mae": 0.00098015637371338
        },
        "2 day": {
            "mse": 2.9211582753927603e-06,
            "mae": 0.0009709520981789378
        },
        "3 day": {
            "mse": 2.729440501288577e-06,
            "mae": 0.00098015637371338
        },
        "4 day": {
            "mse": 2.7023644908470434e-06,
            "mae": 0.0008555027711797292
        },
        "5 day": {
            "mse": 2.729440501288577e-06,
            "mae": 0.00098015637371338
        },
        "6 day": {
            "mse": 2.7023644908470434e-06,
            "mae": 0.0008555027711797292
        }
    },
    "Non-Biomass Waste Electric Power Sector CO2 Emissions": {
        "1 day": {
            "mse": 0.00038529836295580014,
            "mae": 0.016887841535546136
        },
        "2 day": {
            "mse": 0.0006621009984127957,
            "mae": 0.022176900688536685
        },
        "3 day": {
            "mse": 0.00038529836295580014,
            "mae": 0.016887841535546136
        },
        "4 day": {
            "mse": 0.000363395961042992,
            "mae": 0.01642671724424359
        },
        "5 day": {
            "mse": 0.00038529836295580014,
            "mae": 0.016887841535546136
        },
        "6 day": {
            "mse": 0.000363395961042992,
            "mae": 0.01642671724424359
        }
    },
    "Total Energy Electric Power Sector CO2 Emissions": {
        "1 day": {
            "mse": 80.57398198155714,
            "mae": 6.769357317440638
        },
        "2 day": {
            "mse": 117.4367620842584,
            "mae": 9.127114300437976
        },
        "3 day": {
            "mse": 96.1967536951995,
            "mae": 8.097543242324653
        },
        "4 day": {
            "mse": 119.13273785476413,
            "mae": 9.144768699460492
        },
        "5 day": {
            "mse": 113.47352490012152,
            "mae": 8.318944876601742
        },
        "6 day": {
            "mse": 144.94724665441564,
            "mae": 9.604590266025417
        }
    },
    "Score": {
        "mae": 6.713435223871975
    }
}