{
    "Coal Electric Power Sector CO2 Emissions": {
        "1 day": {
            "mse": 39.15944957814594,
            "mae": 4.53312262872516
        },
        "2 day": {
            "mse": 62.69988900670829,
            "mae": 5.952972708263885
        },
        "3 day": {
            "mse": 79.42009448712446,
            "mae": 5.973332657308299
        },
        "4 day": {
            "mse": 112.86219173136949,
            "mae": 6.469149687938065
        },
        "5 day": {
            "mse": 48.69979760357676,
            "mae": 4.712295951219795
        },
        "6 day": {
            "mse": 40.71609159713278,
            "mae": 4.411382986513422
        }
    },
    "Natural Gas Electric Power Sector CO2 Emissions": {
        "1 day": {
            "mse": 3.3744609512500623,
            "mae": 1.344192141851818
        },
        "2 day": {
            "mse": 4.6425399786927315,
            "mae": 1.5409505212779337
        },
        "3 day": {
            "mse": 8.207097910506036,
            "mae": 2.0162015465833396
        },
        "4 day": {
            "mse": 8.466116096133755,
            "mae": 1.8697999376292613
        },
        "5 day": {
            "mse": 19.64405329924353,
            "mae": 2.81063665865173
        },
        "6 day": {
            "mse": 8.49790177041117,
            "mae": 2.0411872167471428
        }
    },
    "Distillate Fuel, Including Kerosene-Type Jet Fuel, Oil Electric Power Sector CO2 Emissions": {
        "1 day": {
            "mse": 0.3333385237712741,
            "mae": 0.39190029213977123
        },
        "2 day": {
            "mse": 0.1379507578505013,
            "mae": 0.2340931794537392
        },
        "3 day": {
            "mse": 0.03360344585071386,
            "mae": 0.12556659188379704
        },
        "4 day": {
            "mse": 0.00949712567170527,
            "mae": 0.07262137269493463
        },
        "5 day": {
            "mse": 0.011223992135429404,
            "mae": 0.07725837212591449
        },
        "6 day": {
            "mse": 0.029339170337311093,
            "mae": 0.13620872652365706
        }
    },
    "Petroleum Coke Electric Power Sector CO2 Emissions": {
        "1 day": {
            "mse": 0.037631511776958226,
            "mae": 0.14019558208518976
        },
        "2 day": {
            "mse": 0.026323710958971125,
            "mae": 0.1192867052470296
        },
        "3 day": {
            "mse": 0.05120668901742216,
            "mae": 0.17259293641707996
        },
        "4 day": {
            "mse": 0.03548193344217783,
            "mae": 0.1297237776762009
        },
        "5 day": {
            "mse": 0.04369885001175914,
            "mae": 0.14132727857739028
        },
        "6 day": {
            "mse": 0.05441641394702012,
            "mae": 0.15344823452283807
        }
    },
    "Residual Fuel Oil Electric Power Sector CO2 Emissions": {
        "1 day": {
            "mse": 2.555741954486286,
            "mae": 1.116435653066114
        },
        "2 day": {
            "mse": 1.810077480478832,
            "mae": 1.0800477988646564
        },
        "3 day": {
            "mse": 1.5989077327769219,
            "mae": 0.9592121645395392
        },
        "4 day": {
            "mse": 0.8380678054413178,
            "mae": 0.6254584581803553
        },
        "5 day": {
            "mse": 1.252866147735391,
            "mae": 0.733442512770519
        },
        "6 day": {
            "mse": 1.660908064972542,
            "mae": 1.0614149605019594
        }
    },
    "Petroleum Electric Power Sector CO2 Emissions": {
        "1 day": {
            "mse": 4.271336300768812,
            "mae": 1.4343526885023024
        },
        "2 day": {
            "mse": 2.799738414391268,
            "mae": 1.3463843667609707
        },
        "3 day": {
            "mse": 2.149228565456572,
            "mae": 1.1383429091057975
        },
        "4 day": {
            "mse": 1.0264708449005786,
            "mae": 0.745817956274763
        },
        "5 day": {
            "mse": 1.5129869504217426,
            "mae": 0.8668788413096246
        },
        "6 day": {
            "mse": 1.9781818401066738,
            "mae": 1.1607113126222326
        }
    },
    "Geothermal Energy Electric Power Sector CO2 Emissions": {
        "1 day": {
            "mse": 2.973946062284358e-06,
            "mae": 0.0010838739573679338
        },
        "2 day": {
            "mse": 3.0712332648480827e-06,
            "mae": 0.0010947636700648763
        },
        "3 day": {
            "mse": 2.973946062284358e-06,
            "mae": 0.0010838739573679338
        },
        "4 day": {
            "mse": 2.74617771363489e-06,
            "mae": 0.0009518072289156613
        },
        "5 day": {
            "mse": 2.973946062284358e-06,
            "mae": 0.0010838739573679338
        },
        "6 day": {
            "mse": 2.74617771363489e-06,
            "mae": 0.0009518072289156613
        }
    },
    "Non-Biomass Waste Electric Power Sector CO2 Emissions": {
        "1 day": {
            "mse": 0.0015628373938616073,
            "mae": 0.028927219775389573
        },
        "2 day": {
            "mse": 0.0013624739253380155,
            "mae": 0.02823456959692603
        },
        "3 day": {
            "mse": 0.0015628373938616073,
            "mae": 0.028927219775389573
        },
        "4 day": {
            "mse": 0.001465569491144451,
            "mae": 0.028072121636521948
        },
        "5 day": {
            "mse": 0.0015628373938616073,
            "mae": 0.028927219775389573
        },
        "6 day": {
            "mse": 0.001465569491144451,
            "mae": 0.028072121636521948
        }
    },
    "Total Energy Electric Power Sector CO2 Emissions": {
        "1 day": {
            "mse": 66.07816063134283,
            "mae": 6.242097033572126
        },
        "2 day": {
            "mse": 66.29095420704229,
            "mae": 6.4334035628594455
        },
        "3 day": {
            "mse": 86.47128589274992,
            "mae": 6.520644251718058
        },
        "4 day": {
            "mse": 113.34409013995752,
            "mae": 7.042711223536999
        },
        "5 day": {
            "mse": 73.65188581041407,
            "mae": 6.288025985267786
        },
        "6 day": {
            "mse": 57.1088466678463,
            "mae": 5.896529214244888
        }
    },
    "Score": {
        "mae": 4.2937590890665565
    }
}