{
    "Coal Electric Power Sector CO2 Emissions": {
        "1 day": {
            "mse": 75.14836559020458,
            "mae": 6.761773013698627
        },
        "2 day": {
            "mse": 127.98706830781934,
            "mae": 8.398376130136986
        },
        "3 day": {
            "mse": 178.38658231089866,
            "mae": 10.281638390410958
        },
        "4 day": {
            "mse": 218.48735383458077,
            "mae": 11.460693767123274
        },
        "5 day": {
            "mse": 241.6472595742036,
            "mae": 12.027554486301362
        },
        "6 day": {
            "mse": 257.58946496694836,
            "mae": 12.499491815068476
        }
    },
    "Natural Gas Electric Power Sector CO2 Emissions": {
        "1 day": {
            "mse": 10.31637496933939,
            "mae": 2.452702431506851
        },
        "2 day": {
            "mse": 23.583417909483913,
            "mae": 3.6094597602739773
        },
        "3 day": {
            "mse": 36.56705537275171,
            "mae": 4.60730133561644
        },
        "4 day": {
            "mse": 53.82858132882843,
            "mae": 5.652716609589044
        },
        "5 day": {
            "mse": 70.16186744105617,
            "mae": 6.625659931506853
        },
        "6 day": {
            "mse": 85.20307981385416,
            "mae": 7.551870342465757
        }
    },
    "Distillate Fuel, Including Kerosene-Type Jet Fuel, Oil Electric Power Sector CO2 Emissions": {
        "1 day": {
            "mse": 0.14717892488696407,
            "mae": 0.18459348719830396
        },
        "2 day": {
            "mse": 0.15836911986763333,
            "mae": 0.20722639693411607
        },
        "3 day": {
            "mse": 0.1593317166182405,
            "mae": 0.22093763274624922
        },
        "4 day": {
            "mse": 0.19061405403831622,
            "mae": 0.25723239644487933
        },
        "5 day": {
            "mse": 0.2003573633448572,
            "mae": 0.28373123157208086
        },
        "6 day": {
            "mse": 0.262914847990648,
            "mae": 0.31659705911611213
        }
    },
    "Petroleum Coke Electric Power Sector CO2 Emissions": {
        "1 day": {
            "mse": 0.04889149804669253,
            "mae": 0.17471521689497715
        },
        "2 day": {
            "mse": 0.07628745240223744,
            "mae": 0.2194914018264841
        },
        "3 day": {
            "mse": 0.10020111109285236,
            "mae": 0.24771922831050228
        },
        "4 day": {
            "mse": 0.107749465813866,
            "mae": 0.25500162557077616
        },
        "5 day": {
            "mse": 0.12838292649223731,
            "mae": 0.27773936073059347
        },
        "6 day": {
            "mse": 0.15496866831351128,
            "mae": 0.2984521438356163
        }
    },
    "Residual Fuel Oil Electric Power Sector CO2 Emissions": {
        "1 day": {
            "mse": 1.413263710090033,
            "mae": 0.6895351338062621
        },
        "2 day": {
            "mse": 1.5854297053779878,
            "mae": 0.7673917460045663
        },
        "3 day": {
            "mse": 1.9181100934367923,
            "mae": 0.8444010422374424
        },
        "4 day": {
            "mse": 2.0342045246807507,
            "mae": 0.8883979954337899
        },
        "5 day": {
            "mse": 2.686666955399597,
            "mae": 0.9800294286529679
        },
        "6 day": {
            "mse": 2.501038341731001,
            "mae": 0.957280357305936
        }
    },
    "Petroleum Electric Power Sector CO2 Emissions": {
        "1 day": {
            "mse": 2.4371318046113006,
            "mae": 0.9417454452054794
        },
        "2 day": {
            "mse": 2.6619354937363013,
            "mae": 1.0883111643835617
        },
        "3 day": {
            "mse": 3.016178100729109,
            "mae": 1.1533687328767122
        },
        "4 day": {
            "mse": 3.2351633787113028,
            "mae": 1.2063248972602745
        },
        "5 day": {
            "mse": 3.6738150797458906,
            "mae": 1.2615557534246573
        },
        "6 day": {
            "mse": 3.0287792396352717,
            "mae": 1.1626744178082185
        }
    },
    "Geothermal Energy Electric Power Sector CO2 Emissions": {
        "1 day": {
            "mse": 1.5413452216193069e-06,
            "mae": 0.000960692198902496
        },
        "2 day": {
            "mse": 2.663863071676952e-06,
            "mae": 0.001124616907223262
        },
        "3 day": {
            "mse": 4.083559905385272e-06,
            "mae": 0.0013244215404235276
        },
        "4 day": {
            "mse": 5.2318689670024916e-06,
            "mae": 0.0015238860965649192
        },
        "5 day": {
            "mse": 6.24633610668005e-06,
            "mae": 0.0016896346199928164
        },
        "6 day": {
            "mse": 7.122636226641993e-06,
            "mae": 0.001827377714994676
        }
    },
    "Non-Biomass Waste Electric Power Sector CO2 Emissions": {
        "1 day": {
            "mse": 0.0003057734375746648,
            "mae": 0.012982109936831764
        },
        "2 day": {
            "mse": 0.0007588462934172799,
            "mae": 0.018199585398445073
        },
        "3 day": {
            "mse": 0.0008680555982789815,
            "mae": 0.0191887696793003
        },
        "4 day": {
            "mse": 0.0005646893336878029,
            "mae": 0.01706338277453834
        },
        "5 day": {
            "mse": 0.0007150630233479131,
            "mae": 0.018389674562682264
        },
        "6 day": {
            "mse": 0.0007736237279068871,
            "mae": 0.019772813654033224
        }
    },
    "Total Energy Electric Power Sector CO2 Emissions": {
        "1 day": {
            "mse": 82.80549511423636,
            "mae": 7.2363629109588885
        },
        "2 day": {
            "mse": 143.8512986713641,
            "mae": 9.452679794520526
        },
        "3 day": {
            "mse": 190.54857626274307,
            "mae": 10.626694452054785
        },
        "4 day": {
            "mse": 235.91621593053912,
            "mae": 12.134671027397243
        },
        "5 day": {
            "mse": 268.1813500258732,
            "mae": 12.903162431506836
        },
        "6 day": {
            "mse": 270.9108708971851,
            "mae": 12.84790133561641
        }
    }
}