{
    "Coal Electric Power Sector CO2 Emissions": {
        "1 day": {
            "mse": 42.226783174339936,
            "mae": 4.920343789526099
        },
        "2 day": {
            "mse": 83.14412110766995,
            "mae": 7.0712238585818445
        },
        "3 day": {
            "mse": 118.82743492948076,
            "mae": 8.695836695427666
        },
        "4 day": {
            "mse": 144.48463433241474,
            "mae": 9.871793290238296
        },
        "5 day": {
            "mse": 167.97942509518145,
            "mae": 10.775497697800391
        },
        "6 day": {
            "mse": 193.8544501909332,
            "mae": 11.680021165476072
        }
    },
    "Natural Gas Electric Power Sector CO2 Emissions": {
        "1 day": {
            "mse": 6.457139296856698,
            "mae": 1.9359691416084583
        },
        "2 day": {
            "mse": 12.023267603938612,
            "mae": 2.7040789518091253
        },
        "3 day": {
            "mse": 18.284771357936904,
            "mae": 3.4278995053875088
        },
        "4 day": {
            "mse": 25.671584485383512,
            "mae": 4.199609991950603
        },
        "5 day": {
            "mse": 35.419179634112155,
            "mae": 4.955947443883761
        },
        "6 day": {
            "mse": 45.08979312632327,
            "mae": 5.703700199155859
        }
    },
    "Distillate Fuel, Including Kerosene-Type Jet Fuel, Oil Electric Power Sector CO2 Emissions": {
        "1 day": {
            "mse": 0.10304079980324553,
            "mae": 0.18865647631838986
        },
        "2 day": {
            "mse": 0.13328487786337412,
            "mae": 0.23128812755371125
        },
        "3 day": {
            "mse": 0.14335141833753506,
            "mae": 0.2567691996791697
        },
        "4 day": {
            "mse": 0.1559774192494485,
            "mae": 0.2734446712159075
        },
        "5 day": {
            "mse": 0.16598849470603536,
            "mae": 0.28721846779547827
        },
        "6 day": {
            "mse": 0.1695361951443575,
            "mae": 0.294271752503519
        }
    },
    "Petroleum Coke Electric Power Sector CO2 Emissions": {
        "1 day": {
            "mse": 0.02433638089853441,
            "mae": 0.12211270723660894
        },
        "2 day": {
            "mse": 0.03529274265112919,
            "mae": 0.14934294553702987
        },
        "3 day": {
            "mse": 0.04904991174419525,
            "mae": 0.1798371676509409
        },
        "4 day": {
            "mse": 0.06024844972837277,
            "mae": 0.1931119166504926
        },
        "5 day": {
            "mse": 0.07227831428304825,
            "mae": 0.20546414225151455
        },
        "6 day": {
            "mse": 0.08509067410797662,
            "mae": 0.22345733981713675
        }
    },
    "Residual Fuel Oil Electric Power Sector CO2 Emissions": {
        "1 day": {
            "mse": 0.689027075954548,
            "mae": 0.5565028593216506
        },
        "2 day": {
            "mse": 1.0327189291440404,
            "mae": 0.7342946351734896
        },
        "3 day": {
            "mse": 1.3924133270739039,
            "mae": 0.8887948434735263
        },
        "4 day": {
            "mse": 1.8337901757039416,
            "mae": 1.022403450930658
        },
        "5 day": {
            "mse": 2.29443372367638,
            "mae": 1.1296158306017592
        },
        "6 day": {
            "mse": 2.5670849476658844,
            "mae": 1.2036740135592734
        }
    },
    "Petroleum Electric Power Sector CO2 Emissions": {
        "1 day": {
            "mse": 1.2021718650425324,
            "mae": 0.7286898433740807
        },
        "2 day": {
            "mse": 1.720539631105692,
            "mae": 0.9323729816134041
        },
        "3 day": {
            "mse": 2.188223535759107,
            "mae": 1.1263821897941693
        },
        "4 day": {
            "mse": 2.844514143435975,
            "mae": 1.300607424197237
        },
        "5 day": {
            "mse": 3.5965112175831275,
            "mae": 1.4623323208781631
        },
        "6 day": {
            "mse": 4.024717078035997,
            "mae": 1.5992147503412533
        }
    },
    "Geothermal Energy Electric Power Sector CO2 Emissions": {
        "1 day": {
            "mse": 5.613258334599517e-07,
            "mae": 0.0005341622387470318
        },
        "2 day": {
            "mse": 1.0042549302148366e-06,
            "mae": 0.0006817498744870465
        },
        "3 day": {
            "mse": 1.680509420604661e-06,
            "mae": 0.0009223039008413334
        },
        "4 day": {
            "mse": 2.2600613958242694e-06,
            "mae": 0.0010725775953377332
        },
        "5 day": {
            "mse": 2.823030179448267e-06,
            "mae": 0.001216290878131421
        },
        "6 day": {
            "mse": 3.334024614202801e-06,
            "mae": 0.0013305856257726195
        }
    },
    "Non-Biomass Waste Electric Power Sector CO2 Emissions": {
        "1 day": {
            "mse": 0.00011394639557399451,
            "mae": 0.008354519745725713
        },
        "2 day": {
            "mse": 0.0002586136759807314,
            "mae": 0.01330381157885386
        },
        "3 day": {
            "mse": 0.0004006171207602702,
            "mae": 0.016958961347711677
        },
        "4 day": {
            "mse": 0.0005232270464855752,
            "mae": 0.019575567368465822
        },
        "5 day": {
            "mse": 0.00062261952775351,
            "mae": 0.021475407180746867
        },
        "6 day": {
            "mse": 0.0006987023193621721,
            "mae": 0.022824397746975988
        }
    },
    "Total Energy Electric Power Sector CO2 Emissions": {
        "1 day": {
            "mse": 64.0827325184175,
            "mae": 6.274038576757115
        },
        "2 day": {
            "mse": 115.61450639547283,
            "mae": 8.595600013146479
        },
        "3 day": {
            "mse": 161.61059059416584,
            "mae": 10.341953443752208
        },
        "4 day": {
            "mse": 190.5767511513162,
            "mae": 11.509606788142499
        },
        "5 day": {
            "mse": 215.41836795026956,
            "mae": 12.216248485287535
        },
        "6 day": {
            "mse": 234.14754069218594,
            "mae": 12.818476794622676
        }
    }
}