{
    "Coal Electric Power Sector CO2 Emissions": {
        "1 day": {
            "mse": 69.59793535694446,
            "mae": 6.195370235221624
        },
        "2 day": {
            "mse": 300.8529882835279,
            "mae": 14.220883107611309
        },
        "3 day": {
            "mse": 1232.5852671164419,
            "mae": 29.829214231423066
        },
        "4 day": {
            "mse": 2570.0630613112007,
            "mae": 42.35342286683834
        },
        "5 day": {
            "mse": 2896.5625651219448,
            "mae": 45.994594589123466
        },
        "6 day": {
            "mse": 1699.6068145779432,
            "mae": 32.55765633084525
        }
    },
    "Natural Gas Electric Power Sector CO2 Emissions": {
        "1 day": {
            "mse": 11.222552320524036,
            "mae": 2.6359072051351213
        },
        "2 day": {
            "mse": 27.173265719215035,
            "mae": 4.162924445689289
        },
        "3 day": {
            "mse": 65.55789085999822,
            "mae": 6.4570281261100915
        },
        "4 day": {
            "mse": 132.2496584765009,
            "mae": 9.146965832975035
        },
        "5 day": {
            "mse": 220.62505129170194,
            "mae": 12.18321916168413
        },
        "6 day": {
            "mse": 374.6499014439088,
            "mae": 15.314044744685278
        }
    },
    "Distillate Fuel, Including Kerosene-Type Jet Fuel, Oil Electric Power Sector CO2 Emissions": {
        "1 day": {
            "mse": 0.12655849425470353,
            "mae": 0.15807366226590944
        },
        "2 day": {
            "mse": 0.14742544846541294,
            "mae": 0.18073618984389306
        },
        "3 day": {
            "mse": 0.18046282612133457,
            "mae": 0.22862958154161384
        },
        "4 day": {
            "mse": 0.2827163186748033,
            "mae": 0.2990187289343611
        },
        "5 day": {
            "mse": 0.2712954239222588,
            "mae": 0.27710711059566917
        },
        "6 day": {
            "mse": 0.1703212147679922,
            "mae": 0.23472367480444145
        }
    },
    "Petroleum Coke Electric Power Sector CO2 Emissions": {
        "1 day": {
            "mse": 0.03215464862068922,
            "mae": 0.1424247463393302
        },
        "2 day": {
            "mse": 0.03822874314758515,
            "mae": 0.15290088352792303
        },
        "3 day": {
            "mse": 0.05017350429849758,
            "mae": 0.17608346316186432
        },
        "4 day": {
            "mse": 0.05709173596121823,
            "mae": 0.17785584140176336
        },
        "5 day": {
            "mse": 0.061301355477923425,
            "mae": 0.1849305082099234
        },
        "6 day": {
            "mse": 0.07568528828564952,
            "mae": 0.21424303608926465
        }
    },
    "Residual Fuel Oil Electric Power Sector CO2 Emissions": {
        "1 day": {
            "mse": 1.2036749415517976,
            "mae": 0.6259971479078509
        },
        "2 day": {
            "mse": 2.182788497103124,
            "mae": 0.895300980013301
        },
        "3 day": {
            "mse": 2.066962620427531,
            "mae": 0.8743579654035317
        },
        "4 day": {
            "mse": 3.3377780334734815,
            "mae": 1.130686537899874
        },
        "5 day": {
            "mse": 3.64596126803525,
            "mae": 1.1914266573486445
        },
        "6 day": {
            "mse": 2.940502187894354,
            "mae": 1.0840169147320644
        }
    },
    "Petroleum Electric Power Sector CO2 Emissions": {
        "1 day": {
            "mse": 2.053501006824188,
            "mae": 0.852324545757722
        },
        "2 day": {
            "mse": 3.709316376499612,
            "mae": 1.2086241979507515
        },
        "3 day": {
            "mse": 3.317149092988916,
            "mae": 1.235067660380293
        },
        "4 day": {
            "mse": 5.244682285674998,
            "mae": 1.5231567372683468
        },
        "5 day": {
            "mse": 6.165922070277114,
            "mae": 1.6858911512082673
        },
        "6 day": {
            "mse": 4.350529840381427,
            "mae": 1.4718386373265484
        }
    },
    "Geothermal Energy Electric Power Sector CO2 Emissions": {
        "1 day": {
            "mse": 5.683671676574437e-06,
            "mae": 0.0016736350115461728
        },
        "2 day": {
            "mse": 6.188384478600737e-06,
            "mae": 0.0017447201389681638
        },
        "3 day": {
            "mse": 6.256363886720845e-06,
            "mae": 0.0017497961103958369
        },
        "4 day": {
            "mse": 6.344388253344817e-06,
            "mae": 0.0017579162029558362
        },
        "5 day": {
            "mse": 6.4253250998486514e-06,
            "mae": 0.0017667833603009862
        },
        "6 day": {
            "mse": 6.4904857556663515e-06,
            "mae": 0.0017709050897130338
        }
    },
    "Non-Biomass Waste Electric Power Sector CO2 Emissions": {
        "1 day": {
            "mse": 0.00022808990690017286,
            "mae": 0.01198637303706415
        },
        "2 day": {
            "mse": 0.0003475050860798401,
            "mae": 0.014873215142006563
        },
        "3 day": {
            "mse": 0.0003837005134239672,
            "mae": 0.015683965942379446
        },
        "4 day": {
            "mse": 0.00041294567237604716,
            "mae": 0.016477138476973945
        },
        "5 day": {
            "mse": 0.00044800940158374887,
            "mae": 0.01720190113786272
        },
        "6 day": {
            "mse": 0.0004708076902184794,
            "mae": 0.017658975362159483
        }
    },
    "Total Energy Electric Power Sector CO2 Emissions": {
        "1 day": {
            "mse": 94.51686817245097,
            "mae": 7.441234797197054
        },
        "2 day": {
            "mse": 407.8606354912537,
            "mae": 16.647964781037643
        },
        "3 day": {
            "mse": 927.9202225380623,
            "mae": 23.69262453196187
        },
        "4 day": {
            "mse": 2256.906705510821,
            "mae": 37.67159647524935
        },
        "5 day": {
            "mse": 2480.2930169406222,
            "mae": 42.43342296691057
        },
        "6 day": {
            "mse": 1253.1337653430924,
            "mae": 28.84544735476688
        }
    },
    "Score": {
        "mae": 22.945548275905175
    }
}