{
    "Coal Electric Power Sector CO2 Emissions": {
        "1 day": {
            "mse": 82.60097580382438,
            "mae": 6.806495547945193
        },
        "2 day": {
            "mse": 122.02096657420208,
            "mae": 8.772922534246575
        },
        "3 day": {
            "mse": 188.28832992417202,
            "mae": 10.566394417808215
        },
        "4 day": {
            "mse": 242.57014395021528,
            "mae": 11.692827636986298
        },
        "5 day": {
            "mse": 242.68433929108386,
            "mae": 11.752155993150685
        },
        "6 day": {
            "mse": 209.5414848678945,
            "mae": 11.6970108219178
        }
    },
    "Natural Gas Electric Power Sector CO2 Emissions": {
        "1 day": {
            "mse": 13.207017373951373,
            "mae": 2.861881095890413
        },
        "2 day": {
            "mse": 17.994100592128056,
            "mae": 3.461174520547941
        },
        "3 day": {
            "mse": 30.01174076256438,
            "mae": 4.643077739726027
        },
        "4 day": {
            "mse": 42.60816615991611,
            "mae": 5.56905140410959
        },
        "5 day": {
            "mse": 59.421288179161344,
            "mae": 6.60916434931507
        },
        "6 day": {
            "mse": 65.53920129764182,
            "mae": 6.89288383561644
        }
    },
    "Distillate Fuel, Including Kerosene-Type Jet Fuel, Oil Electric Power Sector CO2 Emissions": {
        "1 day": {
            "mse": 0.17184033972773968,
            "mae": 0.1929697602739726
        },
        "2 day": {
            "mse": 0.13229545838938359,
            "mae": 0.20619441780821918
        },
        "3 day": {
            "mse": 0.15749996140376712,
            "mae": 0.24448386986301365
        },
        "4 day": {
            "mse": 0.17904686070034237,
            "mae": 0.2810466095890411
        },
        "5 day": {
            "mse": 0.1649681066760274,
            "mae": 0.26910678082191786
        },
        "6 day": {
            "mse": 0.16096883984246577,
            "mae": 0.25312493150684934
        }
    },
    "Petroleum Coke Electric Power Sector CO2 Emissions": {
        "1 day": {
            "mse": 0.05458872408630139,
            "mae": 0.18331945205479452
        },
        "2 day": {
            "mse": 0.054901733487328755,
            "mae": 0.17892277397260273
        },
        "3 day": {
            "mse": 0.06489438717945208,
            "mae": 0.1941892465753425
        },
        "4 day": {
            "mse": 0.06553276066472605,
            "mae": 0.18557236301369867
        },
        "5 day": {
            "mse": 0.06684888598150687,
            "mae": 0.18946876712328767
        },
        "6 day": {
            "mse": 0.06985175225308217,
            "mae": 0.19342277397260263
        }
    },
    "Residual Fuel Oil Electric Power Sector CO2 Emissions": {
        "1 day": {
            "mse": 1.5889791163315055,
            "mae": 0.7171860958904106
        },
        "2 day": {
            "mse": 1.3114063035818488,
            "mae": 0.7083827739726025
        },
        "3 day": {
            "mse": 1.539165950879794,
            "mae": 0.7511744863013696
        },
        "4 day": {
            "mse": 1.9279333379900685,
            "mae": 0.8242621575342465
        },
        "5 day": {
            "mse": 1.8832777601328763,
            "mae": 0.8034162328767122
        },
        "6 day": {
            "mse": 1.9765856450523969,
            "mae": 0.8293126369863013
        }
    },
    "Petroleum Electric Power Sector CO2 Emissions": {
        "1 day": {
            "mse": 2.428406025401369,
            "mae": 0.94713
        },
        "2 day": {
            "mse": 1.9340962710006853,
            "mae": 0.9024869863013699
        },
        "3 day": {
            "mse": 1.9446048044517124,
            "mae": 0.9592033904109588
        },
        "4 day": {
            "mse": 2.467404587165755,
            "mae": 1.0040568493150686
        },
        "5 day": {
            "mse": 2.6744065747914387,
            "mae": 1.0787553082191779
        },
        "6 day": {
            "mse": 3.2688194166849325,
            "mae": 1.2060804794520548
        }
    },
    "Geothermal Energy Electric Power Sector CO2 Emissions": {
        "1 day": {
            "mse": 4.284187959795756e-06,
            "mae": 0.0012870650041568383
        },
        "2 day": {
            "mse": 3.728433760737164e-06,
            "mae": 0.0011322712617597849
        },
        "3 day": {
            "mse": 4.27494395725705e-06,
            "mae": 0.001251235558942193
        },
        "4 day": {
            "mse": 3.8448779922229035e-06,
            "mae": 0.0011469554950435082
        },
        "5 day": {
            "mse": 4.6943947192972276e-06,
            "mae": 0.001316284751812815
        },
        "6 day": {
            "mse": 4.478523154603609e-06,
            "mae": 0.0012716917266407085
        }
    },
    "Non-Biomass Waste Electric Power Sector CO2 Emissions": {
        "1 day": {
            "mse": 0.00029430130061418634,
            "mae": 0.013121985503725262
        },
        "2 day": {
            "mse": 0.000754432460991942,
            "mae": 0.022311718577907338
        },
        "3 day": {
            "mse": 0.0006526438892489165,
            "mae": 0.020777156705539434
        },
        "4 day": {
            "mse": 0.0009298810840846118,
            "mae": 0.023294376457725943
        },
        "5 day": {
            "mse": 0.0007888064544735842,
            "mae": 0.022690553814382942
        },
        "6 day": {
            "mse": 0.0007338831027514932,
            "mae": 0.02156361957402012
        }
    },
    "Total Energy Electric Power Sector CO2 Emissions": {
        "1 day": {
            "mse": 96.51435223188611,
            "mae": 7.6764033561643625
        },
        "2 day": {
            "mse": 173.06705052905426,
            "mae": 10.416424486301354
        },
        "3 day": {
            "mse": 286.75802099068255,
            "mae": 12.656525171232868
        },
        "4 day": {
            "mse": 336.58974726320366,
            "mae": 13.414835753424647
        },
        "5 day": {
            "mse": 273.84624149246906,
            "mae": 12.57417797945205
        },
        "6 day": {
            "mse": 214.33611255483146,
            "mae": 11.703944246575329
        }
    },
    "Score": {
        "mae": 9.641336020589952
    }
}