{
    "Coal Electric Power Sector CO2 Emissions": {
        "1 day": {
            "mse": 8.346742221262508,
            "mae": 2.302017083333352
        },
        "2 day": {
            "mse": 13.828261191604376,
            "mae": 3.2972329166666867
        },
        "3 day": {
            "mse": 13.088538679766772,
            "mae": 2.972840000000017
        },
        "4 day": {
            "mse": 17.062254663266728,
            "mae": 3.176108333333344
        },
        "5 day": {
            "mse": 8.598910728895996,
            "mae": 2.149427083333372
        },
        "6 day": {
            "mse": 11.573810822833474,
            "mae": 2.7462225000000107
        }
    },
    "Natural Gas Electric Power Sector CO2 Emissions": {
        "1 day": {
            "mse": 1.2188187720999906,
            "mae": 0.8270691666666693
        },
        "2 day": {
            "mse": 1.3171582522000287,
            "mae": 0.954507500000009
        },
        "3 day": {
            "mse": 1.6121963566374955,
            "mae": 0.9764245833333304
        },
        "4 day": {
            "mse": 1.211574851245819,
            "mae": 0.8267995833333325
        },
        "5 day": {
            "mse": 1.4150734074916478,
            "mae": 0.9548949999999911
        },
        "6 day": {
            "mse": 1.528162685924998,
            "mae": 0.9210966666666617
        }
    },
    "Distillate Fuel, Including Kerosene-Type Jet Fuel, Oil Electric Power Sector CO2 Emissions": {
        "1 day": {
            "mse": 0.09684323236562521,
            "mae": 0.2031699305555558
        },
        "2 day": {
            "mse": 0.032912717056587985,
            "mae": 0.12420084126984143
        },
        "3 day": {
            "mse": 0.01104928957431118,
            "mae": 0.06674842460317452
        },
        "4 day": {
            "mse": 0.004392633747545736,
            "mae": 0.046622277777777804
        },
        "5 day": {
            "mse": 0.00785393266817014,
            "mae": 0.06312579861111096
        },
        "6 day": {
            "mse": 0.012392847681988459,
            "mae": 0.08636929166666679
        }
    },
    "Petroleum Coke Electric Power Sector CO2 Emissions": {
        "1 day": {
            "mse": 0.00359951578749999,
            "mae": 0.047919583333332905
        },
        "2 day": {
            "mse": 0.003397484774999984,
            "mae": 0.04323750000000006
        },
        "3 day": {
            "mse": 0.016128569179166687,
            "mae": 0.1054337500000001
        },
        "4 day": {
            "mse": 0.0108450019208333,
            "mae": 0.08277374999999985
        },
        "5 day": {
            "mse": 0.011001668379166695,
            "mae": 0.08099208333333313
        },
        "6 day": {
            "mse": 0.015040894704166677,
            "mae": 0.10530458333333348
        }
    },
    "Residual Fuel Oil Electric Power Sector CO2 Emissions": {
        "1 day": {
            "mse": 0.29835409146250164,
            "mae": 0.30780958333333414
        },
        "2 day": {
            "mse": 0.42367795957916704,
            "mae": 0.44880541666666723
        },
        "3 day": {
            "mse": 0.2875304610541654,
            "mae": 0.317655416666666
        },
        "4 day": {
            "mse": 0.1532287599083334,
            "mae": 0.25753250000000016
        },
        "5 day": {
            "mse": 0.2852862907500011,
            "mae": 0.33714000000000005
        },
        "6 day": {
            "mse": 0.38486717634999984,
            "mae": 0.35104666666666645
        }
    },
    "Petroleum Electric Power Sector CO2 Emissions": {
        "1 day": {
            "mse": 0.3042929267583325,
            "mae": 0.4365524999999993
        },
        "2 day": {
            "mse": 0.36809365233749886,
            "mae": 0.43018291666666614
        },
        "3 day": {
            "mse": 0.23658172181250026,
            "mae": 0.27590041666666604
        },
        "4 day": {
            "mse": 0.17381212386666914,
            "mae": 0.2849508333333353
        },
        "5 day": {
            "mse": 0.24906191969583333,
            "mae": 0.36974375000000026
        },
        "6 day": {
            "mse": 0.44057804758333524,
            "mae": 0.3966641666666697
        }
    },
    "Geothermal Energy Electric Power Sector CO2 Emissions": {
        "1 day": {
            "mse": 2.3961167964274367e-06,
            "mae": 0.0010976974657287137
        },
        "2 day": {
            "mse": 2.232955741569178e-06,
            "mae": 0.001105558576839828
        },
        "3 day": {
            "mse": 2.3938409353122238e-06,
            "mae": 0.0010699909118659094
        },
        "4 day": {
            "mse": 2.2709165775574748e-06,
            "mae": 0.0010562240190365264
        },
        "5 day": {
            "mse": 2.439960832669301e-06,
            "mae": 0.0010962533993783925
        },
        "6 day": {
            "mse": 2.0927945566803807e-06,
            "mae": 0.0009786654421966969
        }
    },
    "Non-Biomass Waste Electric Power Sector CO2 Emissions": {
        "1 day": {
            "mse": 8.655723237499757e-05,
            "mae": 0.005970458333333074
        },
        "2 day": {
            "mse": 0.00012463194649999984,
            "mae": 0.009263124999999858
        },
        "3 day": {
            "mse": 0.00010031641548610732,
            "mae": 0.006397291666666499
        },
        "4 day": {
            "mse": 9.093769697916563e-05,
            "mae": 0.006196562499999933
        },
        "5 day": {
            "mse": 9.99786006805542e-05,
            "mae": 0.00631258333333326
        },
        "6 day": {
            "mse": 9.560554492013833e-05,
            "mae": 0.00629306249999996
        }
    },
    "Total Energy Electric Power Sector CO2 Emissions": {
        "1 day": {
            "mse": 16.000853391346,
            "mae": 2.8611704166666883
        },
        "2 day": {
            "mse": 29.453725143199517,
            "mae": 4.151204999999975
        },
        "3 day": {
            "mse": 21.499291567303885,
            "mae": 3.891925416666643
        },
        "4 day": {
            "mse": 30.21007652799609,
            "mae": 4.72226791666669
        },
        "5 day": {
            "mse": 21.32742767725424,
            "mae": 3.5135104166666444
        },
        "6 day": {
            "mse": 29.228892343004095,
            "mae": 3.8511254166666116
        }
    },
    "Score": {
        "mae": 2.895583760409448
    }
}