{
    "Coal Electric Power Sector CO2 Emissions": {
        "1 day": {
            "mse": 62.17287541936596,
            "mae": 5.823332298631463
        },
        "2 day": {
            "mse": 225.39772930645023,
            "mae": 11.263489303390076
        },
        "3 day": {
            "mse": 1328.2505900612148,
            "mae": 29.492906217519792
        },
        "4 day": {
            "mse": 3051.404247214931,
            "mae": 43.960618854542496
        },
        "5 day": {
            "mse": 3863.9896368716304,
            "mae": 48.261451736507794
        },
        "6 day": {
            "mse": 2340.919694173797,
            "mae": 36.11811671470775
        }
    },
    "Natural Gas Electric Power Sector CO2 Emissions": {
        "1 day": {
            "mse": 9.124883745235435,
            "mae": 2.3761828887625813
        },
        "2 day": {
            "mse": 25.219977655685817,
            "mae": 3.9994964269752677
        },
        "3 day": {
            "mse": 30.366238803134415,
            "mae": 4.457969136481444
        },
        "4 day": {
            "mse": 47.59402287247654,
            "mae": 5.435051802366122
        },
        "5 day": {
            "mse": 70.29066908166246,
            "mae": 6.842718351954619
        },
        "6 day": {
            "mse": 197.5799663002256,
            "mae": 12.00318480824423
        }
    },
    "Distillate Fuel, Including Kerosene-Type Jet Fuel, Oil Electric Power Sector CO2 Emissions": {
        "1 day": {
            "mse": 0.13381694280277212,
            "mae": 0.19048514374824838
        },
        "2 day": {
            "mse": 0.18539240497489662,
            "mae": 0.23201864377636783
        },
        "3 day": {
            "mse": 0.3259266017353795,
            "mae": 0.32218416776596387
        },
        "4 day": {
            "mse": 0.5279072895971875,
            "mae": 0.4170923268541632
        },
        "5 day": {
            "mse": 0.5137347825794731,
            "mae": 0.3805788297218196
        },
        "6 day": {
            "mse": 0.23124120981894594,
            "mae": 0.31714951365074884
        }
    },
    "Petroleum Coke Electric Power Sector CO2 Emissions": {
        "1 day": {
            "mse": 0.04234364226629331,
            "mae": 0.15915702479764182
        },
        "2 day": {
            "mse": 0.08749074469271696,
            "mae": 0.21780150445635366
        },
        "3 day": {
            "mse": 0.130315874866961,
            "mae": 0.268579024971909
        },
        "4 day": {
            "mse": 0.12305855398759795,
            "mae": 0.27188034320660803
        },
        "5 day": {
            "mse": 0.10151741128905997,
            "mae": 0.2490776528752073
        },
        "6 day": {
            "mse": 0.11489859950731991,
            "mae": 0.2718666953023104
        }
    },
    "Residual Fuel Oil Electric Power Sector CO2 Emissions": {
        "1 day": {
            "mse": 1.1656741346160469,
            "mae": 0.7096122973833852
        },
        "2 day": {
            "mse": 2.1946174142214914,
            "mae": 1.0168398343740028
        },
        "3 day": {
            "mse": 2.3389460077406516,
            "mae": 1.0985066391997034
        },
        "4 day": {
            "mse": 3.928054124736754,
            "mae": 1.4211264192426813
        },
        "5 day": {
            "mse": 4.756234335085552,
            "mae": 1.5513988549257944
        },
        "6 day": {
            "mse": 3.4967248083376425,
            "mae": 1.3760992952362834
        }
    },
    "Petroleum Electric Power Sector CO2 Emissions": {
        "1 day": {
            "mse": 2.195564527928095,
            "mae": 0.9022615530923376
        },
        "2 day": {
            "mse": 4.30892186762698,
            "mae": 1.3764331964510566
        },
        "3 day": {
            "mse": 4.088361844185892,
            "mae": 1.474138834594032
        },
        "4 day": {
            "mse": 6.745716688695881,
            "mae": 1.8859516198543784
        },
        "5 day": {
            "mse": 8.14224800281833,
            "mae": 2.1008482156112316
        },
        "6 day": {
            "mse": 5.147805923129603,
            "mae": 1.7694176477005499
        }
    },
    "Geothermal Energy Electric Power Sector CO2 Emissions": {
        "1 day": {
            "mse": 1.0792196933244144e-06,
            "mae": 0.0006719509087747794
        },
        "2 day": {
            "mse": 1.3184894786114099e-05,
            "mae": 0.0025395057798073446
        },
        "3 day": {
            "mse": 7.553089981078351e-06,
            "mae": 0.0019011765168323906
        },
        "4 day": {
            "mse": 1.1139859514759978e-05,
            "mae": 0.0021460042064983128
        },
        "5 day": {
            "mse": 1.5423647629248696e-05,
            "mae": 0.002695319542925254
        },
        "6 day": {
            "mse": 6.150655884479663e-06,
            "mae": 0.0015577363228110892
        }
    },
    "Non-Biomass Waste Electric Power Sector CO2 Emissions": {
        "1 day": {
            "mse": 0.00015812264179628912,
            "mae": 0.010280371371310364
        },
        "2 day": {
            "mse": 0.449048986537866,
            "mae": 0.6176269564171069
        },
        "3 day": {
            "mse": 14.87271062886636,
            "mae": 2.0922170349158122
        },
        "4 day": {
            "mse": 150.26400926135398,
            "mae": 6.413158898187369
        },
        "5 day": {
            "mse": 2341.8425426168906,
            "mae": 21.739700116666228
        },
        "6 day": {
            "mse": 13095.606215013993,
            "mae": 55.71108054624929
        }
    },
    "Total Energy Electric Power Sector CO2 Emissions": {
        "1 day": {
            "mse": 75.40211228959491,
            "mae": 6.660283471249769
        },
        "2 day": {
            "mse": 300.13655217014434,
            "mae": 14.26736760155023
        },
        "3 day": {
            "mse": 767.9587277039589,
            "mae": 21.024528310583587
        },
        "4 day": {
            "mse": 1983.7087245023943,
            "mae": 34.44183282359225
        },
        "5 day": {
            "mse": 1901.1812761757121,
            "mae": 34.382827894970205
        },
        "6 day": {
            "mse": 1003.5609249149388,
            "mae": 23.734278573845792
        }
    },
    "Score": {
        "mae": 20.851572878905284
    }
}