{
    "Coal Electric Power Sector CO2 Emissions": {
        "1 day": {
            "mse": 39.5799140704061,
            "mae": 4.4005159345604525
        },
        "2 day": {
            "mse": 62.77482561164082,
            "mae": 5.9570601410240105
        },
        "3 day": {
            "mse": 95.24524900951259,
            "mae": 6.35369965134372
        },
        "4 day": {
            "mse": 115.72915305405844,
            "mae": 6.670659777502969
        },
        "5 day": {
            "mse": 56.74904368053096,
            "mae": 4.815478916444527
        },
        "6 day": {
            "mse": 54.007641373660114,
            "mae": 4.533838395665468
        }
    },
    "Natural Gas Electric Power Sector CO2 Emissions": {
        "1 day": {
            "mse": 2.7322825831733613,
            "mae": 1.051499781159061
        },
        "2 day": {
            "mse": 4.306478937296039,
            "mae": 1.5084073168407621
        },
        "3 day": {
            "mse": 6.453671006222691,
            "mae": 1.7249621087165714
        },
        "4 day": {
            "mse": 5.82871924896112,
            "mae": 1.5810273419842036
        },
        "5 day": {
            "mse": 12.606983535629137,
            "mae": 2.244462463214928
        },
        "6 day": {
            "mse": 9.44499237216012,
            "mae": 2.166109421470889
        }
    },
    "Distillate Fuel, Including Kerosene-Type Jet Fuel, Oil Electric Power Sector CO2 Emissions": {
        "1 day": {
            "mse": 0.3569684501710487,
            "mae": 0.3641957754654174
        },
        "2 day": {
            "mse": 0.09691989602101878,
            "mae": 0.18075142356640622
        },
        "3 day": {
            "mse": 0.026298959987988254,
            "mae": 0.10972185683622054
        },
        "4 day": {
            "mse": 0.011559592135413172,
            "mae": 0.0632569465247065
        },
        "5 day": {
            "mse": 0.016889868843216353,
            "mae": 0.08656145581581792
        },
        "6 day": {
            "mse": 0.03293253714583792,
            "mae": 0.12683057050228513
        }
    },
    "Petroleum Coke Electric Power Sector CO2 Emissions": {
        "1 day": {
            "mse": 0.023727330052613398,
            "mae": 0.10868974911902264
        },
        "2 day": {
            "mse": 0.021820983640197918,
            "mae": 0.10677588137568587
        },
        "3 day": {
            "mse": 0.04868962434176866,
            "mae": 0.16458680056075645
        },
        "4 day": {
            "mse": 0.03316915908763889,
            "mae": 0.1198540171471732
        },
        "5 day": {
            "mse": 0.04139276937147437,
            "mae": 0.13005708164937713
        },
        "6 day": {
            "mse": 0.047040636546600796,
            "mae": 0.14317870995173357
        }
    },
    "Residual Fuel Oil Electric Power Sector CO2 Emissions": {
        "1 day": {
            "mse": 2.8459717800718143,
            "mae": 1.0566878228765315
        },
        "2 day": {
            "mse": 1.9328892637201283,
            "mae": 0.8631551446929192
        },
        "3 day": {
            "mse": 1.6322949836459437,
            "mae": 0.7447400898825787
        },
        "4 day": {
            "mse": 0.8388748552342778,
            "mae": 0.5376360828554065
        },
        "5 day": {
            "mse": 1.2096723669134524,
            "mae": 0.6390113925481629
        },
        "6 day": {
            "mse": 1.4498086475211402,
            "mae": 0.8638086611726283
        }
    },
    "Petroleum Electric Power Sector CO2 Emissions": {
        "1 day": {
            "mse": 5.264140227353397,
            "mae": 1.3898017316935507
        },
        "2 day": {
            "mse": 2.0382946856208894,
            "mae": 0.9339281731638034
        },
        "3 day": {
            "mse": 1.8027166394690834,
            "mae": 0.8687294976390617
        },
        "4 day": {
            "mse": 0.9577532515028994,
            "mae": 0.6609270667813686
        },
        "5 day": {
            "mse": 1.6423511127269415,
            "mae": 0.7654869815710712
        },
        "6 day": {
            "mse": 1.878316652537713,
            "mae": 0.9711468546376233
        }
    },
    "Geothermal Energy Electric Power Sector CO2 Emissions": {
        "1 day": {
            "mse": 6.666624621973753e-06,
            "mae": 0.0017319862982189608
        },
        "2 day": {
            "mse": 6.135820646536846e-06,
            "mae": 0.0016233204754027622
        },
        "3 day": {
            "mse": 6.666624621973753e-06,
            "mae": 0.0017319862982189608
        },
        "4 day": {
            "mse": 5.905644201422979e-06,
            "mae": 0.001578444536573209
        },
        "5 day": {
            "mse": 6.666624621973753e-06,
            "mae": 0.0017319862982189608
        },
        "6 day": {
            "mse": 5.905644201422979e-06,
            "mae": 0.001578444536573209
        }
    },
    "Non-Biomass Waste Electric Power Sector CO2 Emissions": {
        "1 day": {
            "mse": 0.0016169333404818448,
            "mae": 0.02498837997191997
        },
        "2 day": {
            "mse": 0.001399310936696677,
            "mae": 0.026125700132238118
        },
        "3 day": {
            "mse": 0.0016169333404818448,
            "mae": 0.02498837997191997
        },
        "4 day": {
            "mse": 0.0015057973419265874,
            "mae": 0.02443834616958422
        },
        "5 day": {
            "mse": 0.0016169333404818448,
            "mae": 0.02498837997191997
        },
        "6 day": {
            "mse": 0.0015057973419265874,
            "mae": 0.02443834616958422
        }
    },
    "Total Energy Electric Power Sector CO2 Emissions": {
        "1 day": {
            "mse": 65.79646110405409,
            "mae": 5.593809624602892
        },
        "2 day": {
            "mse": 63.58231611566231,
            "mae": 6.2456752574387115
        },
        "3 day": {
            "mse": 94.08320644859113,
            "mae": 6.6896376801497235
        },
        "4 day": {
            "mse": 86.98521564335036,
            "mae": 6.2253891336009275
        },
        "5 day": {
            "mse": 61.16398928661745,
            "mae": 5.232572217668462
        },
        "6 day": {
            "mse": 78.46497683062096,
            "mae": 6.165306847593916
        }
    },
    "Score": {
        "mae": 3.695965355889368
    }
}