{
    "Coal Electric Power Sector CO2 Emissions": [
        58.28242855091633,
        59.28508067157842,
        44.37397442507746,
        58.57187792458451,
        60.02228886466201,
        73.42881691222627
    ],
    "Natural Gas Electric Power Sector CO2 Emissions": [
        48.60946758728248,
        47.64954341605173,
        50.875006371892475,
        42.46443608336682,
        54.35197911976079,
        59.53495676816744
    ],
    "Distillate Fuel, Including Kerosene-Type Jet Fuel, Oil Electric Power Sector CO2 Emissions": [
        0.3978112148583304,
        0.6714608888888892,
        0.23231690980557285,
        0.26330593815162995,
        0.3134267798480481,
        0.3009595510860905
    ],
    "Petroleum Coke Electric Power Sector CO2 Emissions": [
        0.8883229494596206,
        0.8823398908175851,
        0.7902402162365672,
        0.7434701609195876,
        0.8122806719087993,
        0.882619934720472
    ],
    "Residual Fuel Oil Electric Power Sector CO2 Emissions": [
        0.6250397096995013,
        0.3589187496529193,
        0.2931985881145331,
        0.2795968445016286,
        0.3651154636481591,
        0.3927491072831417
    ],
    "Petroleum Electric Power Sector CO2 Emissions": [
        2.060768494488162,
        1.614568454188619,
        1.5970329424307663,
        1.1646791833449623,
        1.6344255485315895,
        1.3064157550832323
    ],
    "Geothermal Energy Electric Power Sector CO2 Emissions": [
        0.04041857923497266,
        0.03446357878068092,
        0.04041857923497266,
        0.0369034045922407,
        0.04041857923497266,
        0.0369034045922407
    ],
    "Non-Biomass Waste Electric Power Sector CO2 Emissions": [
        0.8957012645802837,
        0.8135480570232532,
        0.8957012645802837,
        0.8668912356137429,
        0.8957012645802837,
        0.8668912356137429
    ],
    "Total Energy Electric Power Sector CO2 Emissions": [
        123.7946866250877,
        103.61823622351257,
        117.61217116264152,
        107.1165693342472,
        108.24285791180692,
        123.67079114405452
    ]
}