{
    "Coal Electric Power Sector CO2 Emissions": {
        "1 day": {
            "mse": 50.04938500421857,
            "mae": 5.152895568007929
        },
        "2 day": {
            "mse": 92.45084514018163,
            "mae": 7.98750990798236
        },
        "3 day": {
            "mse": 84.74731017583102,
            "mae": 7.445435085412317
        },
        "4 day": {
            "mse": 98.82122267827408,
            "mae": 8.335948909655473
        },
        "5 day": {
            "mse": 64.39304010394316,
            "mae": 6.156845335034032
        },
        "6 day": {
            "mse": 85.58536460210534,
            "mae": 6.903400860323941
        }
    },
    "Natural Gas Electric Power Sector CO2 Emissions": {
        "1 day": {
            "mse": 3.6053823107177982,
            "mae": 1.4786419028941136
        },
        "2 day": {
            "mse": 5.266390262455009,
            "mae": 1.9302349830891625
        },
        "3 day": {
            "mse": 6.895021742103318,
            "mae": 2.071479205174687
        },
        "4 day": {
            "mse": 7.004482938182858,
            "mae": 2.0224360642155887
        },
        "5 day": {
            "mse": 14.082371684881478,
            "mae": 2.950957140971417
        },
        "6 day": {
            "mse": 11.98470531053154,
            "mae": 2.783498114292564
        }
    },
    "Distillate Fuel, Including Kerosene-Type Jet Fuel, Oil Electric Power Sector CO2 Emissions": {
        "1 day": {
            "mse": 0.6316131809895833,
            "mae": 0.6679479166666665
        },
        "2 day": {
            "mse": 0.1827530833333333,
            "mae": 0.3881249999999999
        },
        "3 day": {
            "mse": 0.092924796875,
            "mae": 0.26248958333333333
        },
        "4 day": {
            "mse": 0.05255141536458335,
            "mae": 0.19783333333333333
        },
        "5 day": {
            "mse": 0.0761146388888889,
            "mae": 0.258125
        },
        "6 day": {
            "mse": 0.12629187890625002,
            "mae": 0.3158229166666666
        }
    },
    "Petroleum Coke Electric Power Sector CO2 Emissions": {
        "1 day": {
            "mse": 0.3918787191840276,
            "mae": 0.5146041666666665
        },
        "2 day": {
            "mse": 0.3055975125868055,
            "mae": 0.4493246527777777
        },
        "3 day": {
            "mse": 0.33176009244791665,
            "mae": 0.4524288194444444
        },
        "4 day": {
            "mse": 0.3157068841145834,
            "mae": 0.4476111111111112
        },
        "5 day": {
            "mse": 0.3323943216145834,
            "mae": 0.4563802083333334
        },
        "6 day": {
            "mse": 0.38694558333333334,
            "mae": 0.5054583333333333
        }
    },
    "Residual Fuel Oil Electric Power Sector CO2 Emissions": {
        "1 day": {
            "mse": 1.8925217851804368,
            "mae": 0.8610170638770009
        },
        "2 day": {
            "mse": 1.726013714254007,
            "mae": 0.8486923341697489
        },
        "3 day": {
            "mse": 1.635346433516065,
            "mae": 0.8130375424838966
        },
        "4 day": {
            "mse": 1.041221190543237,
            "mae": 0.6974973668301455
        },
        "5 day": {
            "mse": 1.7426630808483292,
            "mae": 0.8977834571599065
        },
        "6 day": {
            "mse": 2.7786813759848923,
            "mae": 1.2672890001036607
        }
    },
    "Petroleum Electric Power Sector CO2 Emissions": {
        "1 day": {
            "mse": 3.273435771542333,
            "mae": 1.1979025211701932
        },
        "2 day": {
            "mse": 2.9285834676872917,
            "mae": 1.1230802449032191
        },
        "3 day": {
            "mse": 2.2556347201928335,
            "mae": 1.010892964506719
        },
        "4 day": {
            "mse": 1.4466902200533405,
            "mae": 0.8687828021902329
        },
        "5 day": {
            "mse": 2.576918859649137,
            "mae": 1.1721753785262852
        },
        "6 day": {
            "mse": 4.040314244883118,
            "mae": 1.624533479093169
        }
    },
    "Geothermal Energy Electric Power Sector CO2 Emissions": {
        "1 day": {
            "mse": 7.665039062499985e-06,
            "mae": 0.0019960937499999983
        },
        "2 day": {
            "mse": 6.43359375e-06,
            "mae": 0.0017734375000000003
        },
        "3 day": {
            "mse": 7.665039062499985e-06,
            "mae": 0.0019960937499999983
        },
        "4 day": {
            "mse": 7.141601562499992e-06,
            "mae": 0.0018203124999999999
        },
        "5 day": {
            "mse": 7.665039062499985e-06,
            "mae": 0.0019960937499999983
        },
        "6 day": {
            "mse": 7.141601562499992e-06,
            "mae": 0.0018203124999999999
        }
    },
    "Non-Biomass Waste Electric Power Sector CO2 Emissions": {
        "1 day": {
            "mse": 0.003477250000000002,
            "mae": 0.05081250000000003
        },
        "2 day": {
            "mse": 0.003197532226562506,
            "mae": 0.046582031250000044
        },
        "3 day": {
            "mse": 0.003477250000000002,
            "mae": 0.05081250000000003
        },
        "4 day": {
            "mse": 0.003258843749999996,
            "mae": 0.04918749999999996
        },
        "5 day": {
            "mse": 0.003477250000000002,
            "mae": 0.05081250000000003
        },
        "6 day": {
            "mse": 0.003258843749999996,
            "mae": 0.04918749999999996
        }
    },
    "Total Energy Electric Power Sector CO2 Emissions": {
        "1 day": {
            "mse": 80.58204281473604,
            "mae": 6.775417753858414
        },
        "2 day": {
            "mse": 117.44843056387079,
            "mae": 9.124764321066518
        },
        "3 day": {
            "mse": 96.28035289349042,
            "mae": 8.108228719670954
        },
        "4 day": {
            "mse": 119.24564705303591,
            "mae": 9.152428158026966
        },
        "5 day": {
            "mse": 113.52291567441391,
            "mae": 8.313377826085764
        },
        "6 day": {
            "mse": 144.7886831503067,
            "mae": 9.599598946140416
        }
    },
    "Score": {
        "mae": 6.715073562008817
    }
}