{
    "Coal Electric Power Sector CO2 Emissions": {
        "1 day": {
            "mse": 37.69664362375131,
            "mae": 3.426891025641047
        },
        "2 day": {
            "mse": 62.285725926630825,
            "mae": 5.216909230769239
        },
        "3 day": {
            "mse": 105.59859781801562,
            "mae": 5.721833333333352
        },
        "4 day": {
            "mse": 122.61591144222054,
            "mae": 6.040306153846169
        },
        "5 day": {
            "mse": 61.33131528160023,
            "mae": 4.494588205128209
        },
        "6 day": {
            "mse": 36.30906721882849,
            "mae": 3.611355641025675
        }
    },
    "Natural Gas Electric Power Sector CO2 Emissions": {
        "1 day": {
            "mse": 49.310472294174104,
            "mae": 3.5692692307692235
        },
        "2 day": {
            "mse": 43.745713417410165,
            "mae": 3.364857435897435
        },
        "3 day": {
            "mse": 53.06557361013069,
            "mae": 3.7580628205128166
        },
        "4 day": {
            "mse": 31.23733183600506,
            "mae": 2.9648128205128166
        },
        "5 day": {
            "mse": 42.541818958492485,
            "mae": 3.550559487179491
        },
        "6 day": {
            "mse": 51.58066641570993,
            "mae": 3.6935556410256223
        }
    },
    "Distillate Fuel, Including Kerosene-Type Jet Fuel, Oil Electric Power Sector CO2 Emissions": {
        "1 day": {
            "mse": 0.18499838668717966,
            "mae": 0.2998620512820514
        },
        "2 day": {
            "mse": 0.05286906474102566,
            "mae": 0.14882538461538472
        },
        "3 day": {
            "mse": 0.013535650902564148,
            "mae": 0.09007948717948731
        },
        "4 day": {
            "mse": 0.00398919268461539,
            "mae": 0.04763564102564106
        },
        "5 day": {
            "mse": 0.004707690764102559,
            "mae": 0.050618461538461515
        },
        "6 day": {
            "mse": 0.011224070761538531,
            "mae": 0.08378179487179513
        }
    },
    "Petroleum Coke Electric Power Sector CO2 Emissions": {
        "1 day": {
            "mse": 0.008291208546153842,
            "mae": 0.06697666666666659
        },
        "2 day": {
            "mse": 0.009107728287179487,
            "mae": 0.06935076923076935
        },
        "3 day": {
            "mse": 0.0367411668538461,
            "mae": 0.11783256410256417
        },
        "4 day": {
            "mse": 0.03395436433846155,
            "mae": 0.10927230769230767
        },
        "5 day": {
            "mse": 0.02505012082564111,
            "mae": 0.09226461538461568
        },
        "6 day": {
            "mse": 0.04311369167435889,
            "mae": 0.12631666666666652
        }
    },
    "Residual Fuel Oil Electric Power Sector CO2 Emissions": {
        "1 day": {
            "mse": 0.4662885702410276,
            "mae": 0.5550497435897432
        },
        "2 day": {
            "mse": 0.3955791635846161,
            "mae": 0.472371282051282
        },
        "3 day": {
            "mse": 0.22551261332820507,
            "mae": 0.35661692307692333
        },
        "4 day": {
            "mse": 0.22576957993076882,
            "mae": 0.38060128205128196
        },
        "5 day": {
            "mse": 0.23187097685897362,
            "mae": 0.3902202564102557
        },
        "6 day": {
            "mse": 0.3015568975692299,
            "mae": 0.46287589743589663
        }
    },
    "Petroleum Electric Power Sector CO2 Emissions": {
        "1 day": {
            "mse": 1.2407763420692284,
            "mae": 0.8889735897435883
        },
        "2 day": {
            "mse": 0.5734014910897424,
            "mae": 0.6055407692307683
        },
        "3 day": {
            "mse": 0.5653761413435916,
            "mae": 0.573184102564102
        },
        "4 day": {
            "mse": 0.3642953728205117,
            "mae": 0.5093707692307694
        },
        "5 day": {
            "mse": 0.42754402214871706,
            "mae": 0.5320558974358968
        },
        "6 day": {
            "mse": 0.7129908834717921,
            "mae": 0.6420282051282041
        }
    },
    "Geothermal Energy Electric Power Sector CO2 Emissions": {
        "1 day": {
            "mse": 3.7619712815138746e-06,
            "mae": 0.0011650849695176654
        },
        "2 day": {
            "mse": 3.6954958904081332e-06,
            "mae": 0.0011743805681498122
        },
        "3 day": {
            "mse": 3.876337183995589e-06,
            "mae": 0.0011823528095835872
        },
        "4 day": {
            "mse": 3.403775938259601e-06,
            "mae": 0.0010555248314719416
        },
        "5 day": {
            "mse": 3.830432770851449e-06,
            "mae": 0.001170986329909405
        },
        "6 day": {
            "mse": 3.469983323950836e-06,
            "mae": 0.0010651082635313425
        }
    },
    "Non-Biomass Waste Electric Power Sector CO2 Emissions": {
        "1 day": {
            "mse": 0.0015106049972548378,
            "mae": 0.020876040293040302
        },
        "2 day": {
            "mse": 0.0013866686693942193,
            "mae": 0.021688326923076758
        },
        "3 day": {
            "mse": 0.0016385448322316367,
            "mae": 0.021115047619047648
        },
        "4 day": {
            "mse": 0.0015191599709903894,
            "mae": 0.020185403846153836
        },
        "5 day": {
            "mse": 0.0016241766502508212,
            "mae": 0.02190342857142855
        },
        "6 day": {
            "mse": 0.0015095714850290323,
            "mae": 0.02040351923076924
        }
    },
    "Total Energy Electric Power Sector CO2 Emissions": {
        "1 day": {
            "mse": 56.735083352615526,
            "mae": 4.755096410256407
        },
        "2 day": {
            "mse": 86.79566757650738,
            "mae": 6.260083589743604
        },
        "3 day": {
            "mse": 106.63809168290503,
            "mae": 5.871553589743591
        },
        "4 day": {
            "mse": 107.71310494287485,
            "mae": 6.006063846153843
        },
        "5 day": {
            "mse": 77.55022228821106,
            "mae": 5.387247179487216
        },
        "6 day": {
            "mse": 49.108423862607665,
            "mae": 4.251837692307688
        }
    },
    "Score": {
        "mae": 2.370393749482527
    }
}