{
    "Coal Electric Power Sector CO2 Emissions": {
        "1 day": {
            "mse": 51.80872993292953,
            "mae": 5.2350072800381895
        },
        "2 day": {
            "mse": 96.77292071477432,
            "mae": 8.118403652739424
        },
        "3 day": {
            "mse": 99.2344042074548,
            "mae": 8.008187628712083
        },
        "4 day": {
            "mse": 123.03069771784737,
            "mae": 9.126805190322408
        },
        "5 day": {
            "mse": 70.15882903655286,
            "mae": 6.376288983537159
        },
        "6 day": {
            "mse": 87.86676598304597,
            "mae": 6.85772116308139
        }
    },
    "Natural Gas Electric Power Sector CO2 Emissions": {
        "1 day": {
            "mse": 3.6006456075727447,
            "mae": 1.4776812866498483
        },
        "2 day": {
            "mse": 5.961751603562216,
            "mae": 1.9213349898670729
        },
        "3 day": {
            "mse": 7.364360175759793,
            "mae": 2.048452982055175
        },
        "4 day": {
            "mse": 8.691063175546642,
            "mae": 2.204973131492561
        },
        "5 day": {
            "mse": 17.348447631714947,
            "mae": 3.1002281234228164
        },
        "6 day": {
            "mse": 15.241038481385951,
            "mae": 3.181742742379916
        }
    },
    "Distillate Fuel, Including Kerosene-Type Jet Fuel, Oil Electric Power Sector CO2 Emissions": {
        "1 day": {
            "mse": 0.33228708820886355,
            "mae": 0.3958631710353238
        },
        "2 day": {
            "mse": 0.18294154244900007,
            "mae": 0.27297345585901484
        },
        "3 day": {
            "mse": 0.044185694042311076,
            "mae": 0.1502277853256783
        },
        "4 day": {
            "mse": 0.020826875228675636,
            "mae": 0.10914015151489775
        },
        "5 day": {
            "mse": 0.09695153129002228,
            "mae": 0.1836217269750394
        },
        "6 day": {
            "mse": 0.21598457002276708,
            "mae": 0.2735887747238634
        }
    },
    "Petroleum Coke Electric Power Sector CO2 Emissions": {
        "1 day": {
            "mse": 0.028957093143791912,
            "mae": 0.1392861445673064
        },
        "2 day": {
            "mse": 0.026560423273712153,
            "mae": 0.12679214066075783
        },
        "3 day": {
            "mse": 0.07064991935822568,
            "mae": 0.22661984470915017
        },
        "4 day": {
            "mse": 0.055369877395746066,
            "mae": 0.18976628436634294
        },
        "5 day": {
            "mse": 0.0629632798273274,
            "mae": 0.19882641590776404
        },
        "6 day": {
            "mse": 0.07144044215050549,
            "mae": 0.20623960313681491
        }
    },
    "Residual Fuel Oil Electric Power Sector CO2 Emissions": {
        "1 day": {
            "mse": 2.0067557819338013,
            "mae": 0.8069109617799025
        },
        "2 day": {
            "mse": 1.8139378927849703,
            "mae": 0.7947585476181431
        },
        "3 day": {
            "mse": 1.642935279002038,
            "mae": 0.7021497634619859
        },
        "4 day": {
            "mse": 1.0776448576877826,
            "mae": 0.6280070664556198
        },
        "5 day": {
            "mse": 1.8898650898166431,
            "mae": 0.8199452295797552
        },
        "6 day": {
            "mse": 2.8678068005069943,
            "mae": 1.1228186492243686
        }
    },
    "Petroleum Electric Power Sector CO2 Emissions": {
        "1 day": {
            "mse": 3.3842789846213894,
            "mae": 1.16853641613349
        },
        "2 day": {
            "mse": 3.1533439165296406,
            "mae": 1.1180625532953636
        },
        "3 day": {
            "mse": 2.2689920138329516,
            "mae": 0.960485383171274
        },
        "4 day": {
            "mse": 1.5080101756075772,
            "mae": 0.8358819706785995
        },
        "5 day": {
            "mse": 2.8407441408051795,
            "mae": 1.080806330296323
        },
        "6 day": {
            "mse": 4.100316304917519,
            "mae": 1.4685619823944922
        }
    },
    "Geothermal Energy Electric Power Sector CO2 Emissions": {
        "1 day": {
            "mse": 8.238074997971085e-06,
            "mae": 0.0020518100788241506
        },
        "2 day": {
            "mse": 6.95547149123843e-06,
            "mae": 0.0017709315180768138
        },
        "3 day": {
            "mse": 8.238074997971085e-06,
            "mae": 0.0020518100788241506
        },
        "4 day": {
            "mse": 7.277822251805075e-06,
            "mae": 0.0018018636454900615
        },
        "5 day": {
            "mse": 8.238074997971085e-06,
            "mae": 0.0020518100788241506
        },
        "6 day": {
            "mse": 7.277822251805075e-06,
            "mae": 0.0018018636454900615
        }
    },
    "Non-Biomass Waste Electric Power Sector CO2 Emissions": {
        "1 day": {
            "mse": 0.00045132759143713143,
            "mae": 0.016120373829367894
        },
        "2 day": {
            "mse": 0.0007256731391135809,
            "mae": 0.0206917694562935
        },
        "3 day": {
            "mse": 0.00045132759143713143,
            "mae": 0.016120373829367894
        },
        "4 day": {
            "mse": 0.0003997027359561241,
            "mae": 0.015490787928996906
        },
        "5 day": {
            "mse": 0.00045132759143713143,
            "mae": 0.016120373829367894
        },
        "6 day": {
            "mse": 0.0003997027359561241,
            "mae": 0.015490787928996906
        }
    },
    "Total Energy Electric Power Sector CO2 Emissions": {
        "1 day": {
            "mse": 85.63660597866539,
            "mae": 6.644103312638113
        },
        "2 day": {
            "mse": 122.75055755722421,
            "mae": 9.298408391363347
        },
        "3 day": {
            "mse": 99.74476264866435,
            "mae": 8.127803948968458
        },
        "4 day": {
            "mse": 126.89202223881853,
            "mae": 9.401384269583096
        },
        "5 day": {
            "mse": 115.0171215426664,
            "mae": 8.178363252703535
        },
        "6 day": {
            "mse": 150.23073989759905,
            "mae": 9.66847539405432
        }
    },
    "Score": {
        "mae": 6.841194191877893
    }
}